{
  "project_info": {
    "project_number": "750792709415",
    "project_id": "medipet-71bb4",
    "storage_bucket": "medipet-71bb4.appspot.com"
  },
  "client": [
    {
      "client_info": {
        "mobilesdk_app_id": "1:750792709415:android:59ec876e9725b48a3c8502",
        "android_client_info": {
          "package_name": "com.TAMU.MediPet"
        }
      },
      "oauth_client": [
        {
          "client_id": "750792709415-pg57gjf5odkk5t7c7fui5qpa3al0us3f.apps.googleusercontent.com",
          "client_type": 3
        }
      ],
      "api_key": [
        {
          "current_key": "AIzaSyBiYvZk-JQj4by5i993BQqA3BLBqU9K0Y8"
        }
      ],
      "services": {
        "appinvite_service": {
          "other_platform_oauth_client": [
            {
              "client_id": "750792709415-pg57gjf5odkk5t7c7fui5qpa3al0us3f.apps.googleusercontent.com",
              "client_type": 3
            }
          ]
        }
      }
    }
  ],
  "configuration_version": "1"
}